ObjectID,State,County/Parish,Year,Overall_SPB_PerDay,Overall_Clerids_PerDay,x,y
573,Florida,Wakulla,2020,1,0.4,-84.26262399,30.23931538
574,Florida,Columbia,2020,0.2,0.1,-82.58562427,29.9224843
575,Florida,Columbia,2020,0.1,0.1,-82.57432405,30.1352002
577,Florida,Volusia,2020,0,0,-81.49502561,29.11153103
578,Florida,Escambia,2020,0.1,0.3,-87.26676853,30.55283572
579,Florida,Wakulla,2020,0.2,0.7,-84.66456695,30.20115397
580,Florida,SantaRosa,2020,0,0.8,-86.96456533,30.81928513
581,Florida,Walton,2020,0,1.5,-86.16344359,30.84861448
582,Georgia,Echols,2020,1.6,5.6,-83.03225985,30.72714256
583,Florida,Walton,2020,0,0.3,-86.02152835,30.64449663
584,Georgia,Webster,2020,0.4,2.8,-84.4980792,32.10766885
585,Georgia,Marion,2020,0.2,0.6,-84.51797978,32.38087945
586,Florida,Escambia,2020,0,0.5,-87.53614744,30.89086354
587,Georgia,Stewart,2020,0.3,2.7,-84.80378702,32.20449909
588,Florida,Lafayette,2020,0,0,-83.27943001,29.92730265
589,Georgia,Stewart,2020,0.9,1.4,-84.90200528,32.05303462
590,Florida,Orange,2020,0,0,-81.50476565,28.76195747
591,Florida,Dixie,2020,0,0,-83.19406318,29.49247554
592,Florida,Volusia,2020,0,0,-81.53253573,29.28536881
593,Florida,Liberty,2020,0.2,0.4,-84.72644964,30.38320014
594,Florida,Gadsden,2020,1,0.3,-84.6104801,30.47256727
595,Florida,Marion,2020,5.8,0.1,-82.041162,29.368361
596,Florida,Marion,2020,14,0.2,-81.99618,29.21676
597,Florida,Marion,2020,25.6,0.2,-82.12243435,29.14901854
598,Georgia,Camden,2020,0.1,0,-81.87259714,31.07152491
599,Georgia,Long,2020,0.1,0.1,-81.79565529,31.76043196
600,Georgia,Bulloch,2020,0.1,0.7,-81.73049194,32.16965991
601,Florida,Seminole,2020,0,0,-81.11015,28.68081
602,Georgia,Randolph,2020,19,6.3,-84.79433771,31.88284164
603,Georgia,Bulloch,2020,0.3,0.6,-81.57944359,32.47193229
604,Georgia,Quitman,2020,45.5,11.2,-84.95880642,31.77904389
605,Georgia,Clay,2020,18.8,4.1,-85.0261068,31.6330873
606,Georgia,Screven,2020,0,0.9,-81.71326876,32.89294419
607,Georgia,Jones,2020,0.9,12.5,-83.70255658,33.0506469
608,Georgia,Putnam,2020,1.4,15.8,-83.40672048,33.20080022
610,Florida,Columbia,2020,0.1,0.1,-82.7043274,30.50509793
611,Georgia,Brantley,2020,0,0,-81.91422599,31.20535168
612,Georgia,Jefferson,2020,0.1,0.8,-82.37526609,33.30887467
613,Georgia,Jenkins,2020,0.1,0.5,-81.93593292,32.79369894
614,Florida,Holmes,2020,0,0.5,-85.85938955,30.88023466
619,Florida,Hernando,2020,0,0,-82.12257976,28.51373212
620,South Carolina,Berkeley,2020,0,0,-79.590556,33.251944
621,South Carolina,Berkeley,2020,0,0,-79.9175,33.114444
622,South Carolina,Berkeley,2020,0,0,-80.087778,33.23
623,South Carolina,Charleston,2020,0,0,-79.42,33.177778
624,South Carolina,Charleston,2020,0,0,-79.696389,33.056389
625,South Carolina,Charleston,2020,0,0,-80.348333,32.74
626,South Carolina,Horry,2020,0,0,-79.1469,33.6886
632,South Carolina,York,2020,0,0,-81.320833,34.90889
633,South Carolina,York,2020,0,0,-81.186667,34.872222
634,South Carolina,York,2020,0,0,-80.963056,34.88944
635,South Carolina,Newberry,2020,0,0,-81.403278,34.080833
636,South Carolina,Newberry,2020,0,0,-81.85040115,34.2770883
637,South Carolina,Newberry,2020,0,0,-81.528361,34.376222
638,South Carolina,Williamsburg,2020,0,0,-79.539722,33.605278
639,South Carolina,Horry,2020,0,0,-78.8742,33.8047
640,South Carolina,Fairfield,2020,0,0,-80.873611,34.435111
641,South Carolina,Fairfield,2020,0,0,-81.317944,34.377889
642,South Carolina,Fairfield,2020,0,0,-81.385417,34.499
643,Texas,Montgomery,2020,0,0.2,-95.724,30.5215
644,South Carolina,Richland,2020,0,0,-81.1799,34.109947
645,South Carolina,Richland,2020,0,0,-80.913433,34.071625
646,South Carolina,Richland,2020,0,0,-80.801156,33.964272
647,South Carolina,Spartanburg,2020,0,0,-81.87778,34.896722
648,South Carolina,Spartanburg,2020,0,0,-81.81525,34.786056
649,South Carolina,Spartanburg,2020,0,0,-81.950056,34.707944
650,South Carolina,Union,2020,0,0,-81.483961,34.8395
651,South Carolina,Union,2020,0,0,-81.669139,34.644472
652,South Carolina,Union,2020,0,0,-81.732472,34.809194
653,Texas,SanJacinto,2020,0,0.4,-95.16041,30.5275
654,Texas,SanJacinto,2020,0,0.3,-95.1443,30.51273
655,Texas,SanJacinto,2020,0,0.5,-95.09881,30.49293
657,South Carolina,Florence,2020,0,0,-79.783021,34.03115
658,South Carolina,Florence,2020,0,0,-79.678894,34.116667
659,South Carolina,Georgetown,2020,0,0,-79.208056,33.359722
660,Florida,Gilchrist,2020,0.1,0,-82.8245557,29.6313816
661,Texas,Shelby,2020,0,0.1,-94.03333,31.7663
662,Texas,Shelby,2020,0,1.8,-93.96177,31.7152
663,Texas,Sabine,2020,0,1.6,-93.8982,31.5436
664,Texas,Sabine,2020,0,1.3,-93.9249,31.26014
665,Texas,Sabine,2020,0,2,-93.85427,31.16658
666,Texas,Sabine,2020,0,2.4,-93.72642,31.2648
667,South Carolina,Saluda,2020,0,0,-81.930833,33.993611
668,South Carolina,Saluda,2020,0,0,-81.795833,34.011944
669,South Carolina,Saluda,2020,0,0,-81.565833,34.041111
670,Arkansas,Union,2020,0,1.9,-92.75408074,33.21932816
671,Georgia,Tattnall,2020,0.2,1.6,-82.09237515,31.92460633
672,Arkansas,Union,2020,0,0.8,-92.69045376,33.02578153
673,Georgia,Toombs,2020,0.1,3.3,-82.23296783,31.95386182
674,Georgia,Toombs,2020,0.1,2,-82.37565013,31.97616535
675,Arkansas,Columbia,2020,0,1.2,-93.36167888,33.16432833
676,Arkansas,Ashley,2020,0,0.3,-91.7688767,33.30924424
677,Arkansas,Ashley,2020,0,1,-92.05962262,33.14845855
678,Arkansas,Ashley,2020,0,1.5,-91.91614246,33.02972131
679,Georgia,Montgomery,2020,0.1,3,-82.51070884,31.98764574
680,Arkansas,Union,2020,0,7.5,-92.53819121,33.2891123
681,Arkansas,Columbia,2020,0,1,-93.35245167,33.25630667
683,Arkansas,Pike,2020,0,1.1,-93.59827262,34.24428555
684,Arkansas,Pike,2020,0,0.3,-93.47370626,33.98721004
685,Arkansas,Pike,2020,0,0.3,-93.64409078,34.13669348
690,Louisiana,Beauregard,2020,0,0.8,-93.142,30.8395
691,Louisiana,Beauregard,2020,0,0.9,-93.6411,30.6059
692,Louisiana,Calcasieu,2020,0,0.4,-93.6637,30.3912
693,Louisiana,St.Helena,2020,1.8,2,-90.73,30.926
694,Louisiana,St.Helena,2020,0,1.2,-90.762,30.727
695,Louisiana,St.Tammany,2020,0,0.7,-89.8,30.321
696,Louisiana,St.Tammany,2020,0,0.9,-90.0369,30.3409
697,Louisiana,LaSalle,2020,0,0.8,-92.094284,31.74426
698,Louisiana,Vernon,2020,0,0.7,-93.305447,31.1397
699,Louisiana,Vernon,2020,0,0.8,-93.376617,31.31638
700,Louisiana,Rapides,2020,0,0.5,-92.784105,30.91469
701,Louisiana,Union,2020,0,0.3,-92.3387,32.7154
702,Louisiana,Claiborne,2020,0,2.9,-93.0121,32.865
703,Louisiana,Bossier,2020,0,1.5,-93.7386,32.9586
704,Louisiana,Caddo,2020,0,3.8,-93.975,33
705,Louisiana,Caddo,2020,0,2.1,-93.9776,32.6418
706,Louisiana,Rapides,2020,0,0.3,-92.2974,31.3448
707,Louisiana,Allen,2020,0,0.5,-92.6432,30.63003
708,Louisiana,Allen,2020,0,0.2,-92.97893,30.49099
710,Louisiana,Caldwell,2020,0,0.4,-92.166607,32.1303
711,Louisiana,Sabine,2020,0,0.2,-93.5077,31.7651
712,Louisiana,Sabine,2020,0,0.8,-93.4434,31.404
713,Louisiana,DeSoto,2020,0,0.2,-93.7628,32.2072
714,Louisiana,DeSoto,2020,0,0.5,-93.8288,31.922
715,Louisiana,Bienville,2020,0,2,-93.092,32.3916
716,Louisiana,Natchitoches,2020,0,0.3,-93.222,31.686
717,Louisiana,Natchitoches,2020,0,0.4,-93.2703,31.797
718,Louisiana,EastFeliciana,2020,33.7,1.6,-90.9759,30.84092
719,Louisiana,WestFeliciana,2020,5.7,1.8,-91.20287,30.93202
720,Louisiana,Evangeline,2020,0,0.2,-92.54203,30.78775
721,Louisiana,Evangeline,2020,0,0.4,-92.40264,30.9251
723,Georgia,Greene,2020,8.4,17.1,-83.26584447,33.74830346
725,Arkansas,Bradley,2020,0,4.1,-92.18992515,33.62181666
726,Arkansas,Bradley,2020,0,0.3,-92.02584995,33.49969832
727,Arkansas,Bradley,2020,0,6.6,-92.22270239,33.38376844
728,Arkansas,Nevada,2020,0,0,-93.16620427,33.68871372
729,Arkansas,Nevada,2020,0,0.7,-93.42852361,33.76537467
730,Arkansas,Nevada,2020,0,1.4,-93.3741987,33.57937744
731,Florida,Levy,2020,0.1,1.4,-82.90581577,29.46631802
732,Georgia,Oconee,2020,1.6,1.9,-83.45894159,33.79939071
733,Georgia,Jackson,2020,0.8,1,-83.61989073,34.25419435
734,Georgia,Morgan,2020,8.8,7.2,-83.59753355,33.66634447
735,Georgia,Wilkinson,2020,0.9,0.8,-82.96426635,32.78455944
736,Georgia,Emanuel,2020,0.6,2.2,-82.42836242,32.6311878
737,Georgia,Clarke,2020,8.3,6.3,-83.35964577,33.87703152
738,Florida,St.Johns,2020,5.9,0.3,-81.43583673,30.01886466
739,Florida,Suwannee,2020,0,0,-83.16629989,30.38811021
741,Florida,Suwannee,2020,0,0,-83.20361017,30.32240108
745,South Carolina,Abbeville,2020,0,0,-82.474722,34.155
746,Florida,Nassau,2020,3.7,0.8,-81.9071,30.67196
747,Florida,Nassau,2020,5.2,0.7,-81.7311,30.61005
748,Florida,Nassau,2020,1.8,0.7,-81.967,30.77934
749,South Carolina,Abbeville,2020,0,0,-82.51125,34.247861
750,South Carolina,Abbeville,2020,0,0,-82.614572,34.629167
751,South Carolina,Anderson,2020,0,0,-82.829,34.629167
752,South Carolina,Anderson,2020,0,0,-82.593055,34.362468
753,South Carolina,Anderson,2020,0,0,-82.828306,34.427
754,South Carolina,Edgefield,2020,0,0,-82.043806,33.739222
755,South Carolina,Edgefield,2020,0,0,-82.092194,33.818056
756,South Carolina,Edgefield,2020,0,0,-81.1307946,34.0810848
757,South Carolina,Florence,2020,0,0,-79.517853,33.927894
758,South Carolina,Greenville,2020,0,0,-82.417,34.6325
759,South Carolina,Greenwood,2020,0,0,-82.246447,34.088358
760,South Carolina,Greenwood,2020,0,0,-82.309081,34.462203
761,South Carolina,Greenwood,2020,0,0,-82.234478,34.262747
762,Georgia,Talbot,2020,0.6,1.8,-84.30573487,32.73289842
763,Georgia,Talbot,2020,0.1,2,-84.57800152,32.68063037
764,Georgia,Harris,2020,1.6,0.7,-85.11355297,32.71718036
765,South Carolina,Kershaw,2020,0,0,-80.601389,34.41833
766,South Carolina,Kershaw,2020,0,0,-80.696111,34.348333
767,South Carolina,Kershaw,2020,0,0,-80.803333,34.475556
768,South Carolina,Lancaster,2020,0,0,-80.714167,34.531944
769,South Carolina,Lancaster,2020,0,0,-80.525278,34.675
770,South Carolina,Lancaster,2020,0,0,-80.883611,34.593611
771,South Carolina,Laurens,2020,0,0,-81.869833,34.366417
772,South Carolina,Laurens,2020,0,0,-82.213703,34.638208
773,South Carolina,Laurens,2020,0,0,-82.032806,34.271978
774,South Carolina,Lexington,2020,0,0,-81.451017,33.81675
775,South Carolina,Lexington,2020,0,0,-81.327203,33.913181
776,South Carolina,Lexington,2020,0,0,-81.496197,33.928653
777,South Carolina,McCormick,2020,0,0,-82.460833,34.005
778,South Carolina,McCormick,2020,0,0,-82.353889,33.896667
779,South Carolina,McCormick,2020,0,0,-82.188889,33.728889
780,South Carolina,Oconee,2020,0,0,-83.039444,34.931944
781,South Carolina,Oconee,2020,0,0,-83.208806,34.642528
782,South Carolina,Oconee,2020,0,0,-83.203611,34.783556
783,South Carolina,Dorchester,2020,0,0,-80.541667,33.21
784,South Carolina,Dorchester,2020,0,0,-80.29,33.111667
785,South Carolina,Dorchester,2020,0,0,-80.176667,32.93333
786,Georgia,Meriwether,2020,0.5,1.8,-84.7561708,33.03028276
787,Texas,Jasper,2020,0,1.5,-93.98666963,30.75628132
788,Texas,Jasper,2020,0,0.5,-94.07379,30.86479
789,Texas,Jasper,2020,0,0,-94.08955482,30.9431566
790,Texas,Angelina,2020,0,0.4,-94.83551,31.36943
791,Texas,Angelina,2020,0,0.3,-94.83312,31.26972
792,Texas,Angelina,2020,0,0.5,-94.82702,31.31105
793,South Carolina,Horry,2020,0,0,-79.2035,34.1381
794,Virginia,Hanover,2020,0,0.9,-77.39483,37.76281
795,Virginia,Hanover,2020,0.1,1.5,-77.632833,37.84233
796,Virginia,Henry,2020,0,1.6,-80.031917,36.63458
797,Virginia,Franklin,2020,0,0.8,-79.815778,36.83372
798,Virginia,Sussex,2020,0,1,-77.08049,36.95225
799,Virginia,Sussex,2020,0,0.4,-77.10716,36.93516
800,Virginia,Sussex,2020,0,0.7,-77.06035,36.97811
801,Virginia,Spotsylvania,2020,0,2.8,-77.702056,38.24511
802,Virginia,Cumberland,2020,0,2.9,-78.272,37.51918
803,Virginia,Cumberland,2020,0,1.2,-78.29066,37.52448
804,Virginia,Cumberland,2020,0,3.7,-78.31104,37.49833
805,Virginia,Amelia,2020,1.9,2.7,-77.728311,37.25117
806,Virginia,Amelia,2020,0,1.3,-77.931794,37.3111
807,Virginia,Amelia,2020,0,3.6,-77.896192,37.24222
808,Georgia,Oglethorpe,2020,19.8,42.5,-83.24491442,33.76662683
809,Georgia,Carroll,2020,6.5,1,-84.89617459,33.53209902
810,Georgia,Haralson,2020,12.9,0.8,-85.16963778,33.79531215
811,Georgia,Heard,2020,0.1,0,-85.04595819,33.31516124
812,Texas,Trinity,2020,0,0.3,-94.98177,31.24805
813,Texas,Trinity,2020,0,0.5,-95.08594,31.20947
814,Texas,Trinity,2020,0,0.7,-95.05695,31.06449
815,Texas,Rusk,2020,0,14.2,-94.98249,32.30656
816,Texas,Rusk,2020,0,3.6,-94.92744,32.16634
817,Texas,Rusk,2020,0,2.3,-94.83853,32.21557
818,Georgia,Stephens,2020,3.3,1.4,-83.38593525,34.50197231
819,Georgia,Rabun,2020,7.3,7.4,-83.38157252,34.75146333
820,Georgia,Polk,2020,0.3,2.6,-85.19689634,34.0626543
821,Georgia,Floyd,2020,0.5,0.5,-85.10247692,34.39279578
822,Georgia,Floyd,2020,0.1,0.8,-85.04567455,34.29756026
823,Georgia,Gordon,2020,0.8,1.6,-84.7133,34.5791
824,Georgia,Murray,2020,0.4,1,-84.70778,34.697
826,Texas,Panola,2020,0,0.1,-94.17146,32.2553
827,Texas,Panola,2020,0,1.3,-94.17146,32.16719
828,Texas,Panola,2020,0,0.5,-94.4131,32.07133
829,Texas,Cherokee,2020,0,1.8,-95.25395,32.00357
830,Texas,Cherokee,2020,0,3,-94.89936,31.57321
831,Texas,Cherokee,2020,0,1.6,-95.3728,31.79676
832,Florida,Madison,2020,0,3.1,-83.19688948,30.39146719
834,Florida,Hamilton,2020,0,1.3,-82.7122,30.3612
835,Texas,Polk,2020,0,0.3,-94.76193,30.83038
836,Texas,Polk,2020,0,0.3,-94.71139,30.70211
837,Texas,Polk,2020,0,1,-94.93261,30.68173
838,Texas,SanJacinto,2020,0,0.2,-95.10689,30.50545
839,Texas,SanJacinto,2020,0,0.4,-95.26474,30.59056
840,Texas,SanJacinto,2020,0,0.5,-95.32228,30.71493
841,Texas,Liberty,2020,0,0,-94.69698,29.90277
842,Texas,Liberty,2020,0,0.1,-94.75914,30.35094
843,Texas,Liberty,2020,0,0.1,-94.83722,30.48731
844,Texas,Houston,2020,0,0.8,-95.26616,31.3877
845,Texas,Houston,2020,0,0.4,-95.40717,31.35463
846,Texas,Houston,2020,0,0.3,-95.47804,31.09592
847,Florida,Union,2020,0,0,-82.49475892,30.02920543
848,Florida,Baker,2020,11.5,1.4,-82.13108129,30.25031438
849,Florida,Bradford,2020,8.5,1.4,-82.21816111,29.91007278
850,Florida,Washington,2020,0,0.6,-85.59423504,30.59100298
859,Florida,Clay,2020,4.4,0.5,-81.94545471,29.99446293
860,Florida,Duval,2020,0,0,-81.84940079,30.40700575
861,Texas,Sabine,2020,0,1.8,-93.839,31.41132
862,Texas,Sabine,2020,0,0.2,-93.86906,31.30588
863,Texas,SanAugustine,2020,0,0.2,-94.00635,31.52398
864,Texas,SanAugustine,2020,0,0.8,-94.09166,31.44314
865,Texas,Shelby,2020,0,0.6,-93.95124,31.80667
866,Texas,Shelby,2020,0,0,-94.04914,31.64919
867,Texas,Tyler,2020,0,0.2,-94.4463,30.92433
868,Texas,Tyler,2020,0,1.3,-94.40121,30.57625
869,Texas,Tyler,2020,0,2,-94.14056,30.72013
870,Texas,Hardin,2020,0,0.5,-94.34549,30.41321
871,Texas,Hardin,2020,0,0.4,-94.53258,30.28359
872,Texas,Hardin,2020,0,0.2,-94.15952,30.47876
873,Arkansas,Columbia,2020,0,0.5,-93.09430014,33.2487616
874,Florida,Jackson,2020,0,0.2,-85.56594984,30.89154433
877,Georgia,Walker,2020,1,0.2,-85.3157461,34.72237564
878,Georgia,Walker,2020,1.3,0.2,-85.33533599,34.75202372
879,Florida,Jefferson,2020,0,0,-83.7424664,30.51079028
880,Florida,Leon,2020,0,0.3,-84.13282879,30.51979551
882,Florida,Alachua,2020,0,0,-82.49293,29.81862
883,Florida,Alachua,2020,0.2,0.6,-82.26076,29.67247
884,Florida,Alachua,2020,0,0,-82.29743,29.4898
886,Alabama,Lowndes,2020,1.9,2.1,-86.62878,32.01676
887,Alabama,Lowndes,2020,7.3,6.5,-86.71832,32.07352
888,Alabama,Lowndes,2020,0,1,-86.71288,32.30121
889,Alabama,Monroe,2020,2.8,0.9,-87.46872,31.72391
890,Alabama,Monroe,2020,7,4.2,-87.30601,31.63038
891,Alabama,Monroe,2020,0.2,0.9,-87.49203,31.26121
892,Alabama,Barbour,2020,4.3,7.4,-85.42169,32.00496
893,Alabama,Barbour,2020,26.5,7.9,-85.44973,31.94576
894,Alabama,Barbour,2020,1.3,0.9,-85.09047,32.00407
895,Alabama,Tallapoosa,2020,13.9,11.2,-85.74055,32.97123
896,Alabama,Tallapoosa,2020,4.4,0.5,-85.83601,32.81006
897,Alabama,Tallapoosa,2020,5.1,2.3,-85.92393,32.86879
898,Florida,Taylor,2020,0,0,-83.63448786,30.1603044
900,Delaware,Sussex,2020,0,0.1,-75.64702,38.5610016
901,Delaware,Sussex,2020,0,0.1,-75.4738705,38.51773
902,Delaware,Sussex,2020,0.7,7.5,-75.281709,38.51485
903,Delaware,Sussex,2020,0,0.5,-75.4139602,38.73987
904,Delaware,Sussex,2020,0,0.9,-75.1032871,38.77764
905,Florida,Lake,2020,0,0.2,-81.542725,28.99211389
906,Florida,Okaloosa,2020,0,1.2,-86.598492,30.988467
907,Florida,Okaloosa,2020,0,0,-86.699394,30.8914
908,Texas,Newton,2020,0,0.1,-93.8421,30.6431
909,Texas,Newton,2020,0,0.3,-93.85681,30.89368
910,Texas,Newton,2020,0,1,-93.8253465,30.63284252
911,Texas,Nacogdoches,2020,0,0.2,-94.63435,31.6218
912,Texas,Nacogdoches,2020,0,0.1,-94.59233,31.77126
913,Texas,Nacogdoches,2020,0,0.5,-94.78519,31.55243
914,Mississippi,Tishomingo,2020,2,6.2,-88.31334,34.53325
915,Mississippi,Tishomingo,2020,6.1,5,-88.30369,34.73085
916,Mississippi,Tishomingo,2020,0.8,2.9,-88.3121,34.75615
917,Mississippi,Perry,2020,0.1,0.8,-89.00676,31.39991
918,Mississippi,Perry,2020,4.7,3.6,-89.09487,31.2284
919,Mississippi,Perry,2020,0.7,1.2,-88.99774,31.22144
920,Mississippi,Lafayette,2020,2.5,2.5,-89.28161,34.36723
921,Mississippi,Lafayette,2020,0.5,1.2,-89.32686,34.39023
922,Mississippi,Lafayette,2020,0.1,1.1,-89.45287,34.38593
923,Mississippi,Kemper,2020,0.1,1.2,-88.8671,32.8944
924,Mississippi,Kemper,2020,0.1,3.6,-88.7749,32.8876
925,Mississippi,Kemper,2020,0.6,1.2,-88.8779,32.63055
926,Mississippi,Copiah,2020,6.4,5.9,-90.71008,32.01856
927,Mississippi,Copiah,2020,5.5,3.2,-90.60973,31.82981
928,Mississippi,Copiah,2020,19.8,6.2,-90.71593,31.74217
929,Mississippi,Choctaw,2020,0.1,1.5,-89.28817,33.15478
930,Mississippi,Choctaw,2020,0.1,1.2,-89.26664,33.15152
931,Mississippi,Choctaw,2020,0.2,2.5,-89.27905,33.16893
932,Mississippi,Chickasaw,2020,0.3,3.6,-88.8873,34.0352
933,Mississippi,Chickasaw,2020,0.1,4.5,-88.9895,34.0191
934,Mississippi,Chickasaw,2020,0.1,5.6,-88.9222,33.9857
935,Mississippi,Carroll,2020,0,1.3,-89.87414,33.50312
936,Mississippi,Carroll,2020,0,1.3,-89.99129,33.51637
937,Mississippi,Carroll,2020,0,2.3,-89.88441,33.43071
938,Mississippi,Amite,2020,0.6,1.8,-90.71181,31.22104
939,Mississippi,Amite,2020,3.7,1,-90.80294,31.31846
940,Mississippi,Amite,2020,0.4,0.5,-90.70394,31.31654
941,Mississippi,Scott,2020,0.8,4.8,-89.48345,32.2702
942,Mississippi,Scott,2020,4.5,17.9,-89.57706,32.28031
943,Mississippi,Scott,2020,0,0,-89.58706,32.37369
944,Mississippi,Marion,2020,0,0.3,-89.80326,31.27915
945,Mississippi,Marion,2020,0,0.1,-89.89919,31.22414
946,Mississippi,Marion,2020,0.1,0.3,-89.98221,31.25812
947,Mississippi,Jasper,2020,0.5,1.6,-89.08212,31.92879
948,Mississippi,Jasper,2020,1,5,-89.2858,32.01924
949,Mississippi,Jasper,2020,0.8,1.2,-89.28164,32.18631
950,Texas,SanAugustine,2020,0,2.5,-94.2316,31.2547
951,Texas,SanAugustine,2020,0,1.5,-94.2622,31.3586
953,Texas,Angelina,2020,0,0.8,-94.44707,31.231943
954,Florida,Gulf,2020,0,0,-85.23097167,29.99823582
956,Alabama,Autauga,2020,1.1,1.1,-82.69630003,37.17674309
957,North Carolina,Jones,2020,0.4,0.7,-76.9825,35.2365
958,North Carolina,Jones,2020,0,5.4,-77.46683333,35.07566667
959,North Carolina,Craven,2020,0,1.2,-77.13466667,35.309
960,North Carolina,Orange,2020,0,2.7,-79.06305,36.03368333
961,North Carolina,Orange,2020,0,0.6,-79.0216,35.9838
962,North Carolina,Orange,2020,0,1.9,-79.09575,35.97125
963,Florida,Bay,2020,0,0,-85.652618,30.31483
964,Florida,Gulf,2020,0,0,-85.20874,29.901203
965,Virginia,Chesterfield,2020,3.1,6.1,-77.59681566,37.38836505
966,Virginia,Chesterfield,2020,2.8,3.1,-77.53420913,37.37749005
967,Virginia,Chesterfield,2020,2.7,11,-77.5636097,37.33362712
968,Virginia,Halifax,2020,0,0.7,-78.71230492,36.72528115
969,Virginia,Lunenburg,2020,0,5.6,-78.354122,36.92063
970,Virginia,Lunenburg,2020,0,2.4,-78.29927,36.91021
971,Virginia,Halifax,2020,0,1.3,-79.150556,36.59472
972,Virginia,Halifax,2020,0,0.9,-78.766417,36.90122
973,Florida,Putnam,2020,4.2,0.2,-81.8003394,29.80145321
974,Virginia,Accomack,2020,0,0,-75.33280228,37.90852808
975,Georgia,Long,2020,0.1,0.1,-81.60905281,31.60484321
976,Florida,Calhoun,2020,0,0,-85.11685428,30.4818548
977,Louisiana,Washington,2020,0,0,-90.0032,30.8622
978,Louisiana,Jackson,2020,0,1.2,-92.45607,32.30353
979,Louisiana,RedRiver,2020,0,1.7,-93.20841,32.03225
980,Louisiana,Lincoln,2020,0,0.5,-92.4747,32.643
981,North Carolina,Nash,2020,0,10.7,-77.95753333,36.12478333
982,North Carolina,Nash,2020,0,6.7,-78.01518333,36.3058
983,North Carolina,Nash,2020,0,4.8,-77.96401667,36.18518333
984,North Carolina,Sampson,2020,0,1.9,-78.18822222,34.78880556
985,North Carolina,Sampson,2020,0,4.8,-78.21886111,34.89394444
986,North Carolina,Harnett,2020,0,0.7,-78.94677778,35.45722222
987,North Carolina,Madison,2020,0,1.2,-82.74981667,35.81513333
988,North Carolina,Madison,2020,0,7.8,-82.67696667,35.81331667
989,North Carolina,Madison,2020,0,1.4,-82.72131667,35.82318333
990,North Carolina,Davidson,2020,0,0.4,-80.17283333,35.628
991,North Carolina,Davidson,2020,0,0.3,-80.44283333,35.761
992,North Carolina,Davidson,2020,0,0.2,-80.31233333,35.79216667
993,North Carolina,Brunswick,2020,0,1.1,-78.43863333,33.9915
994,North Carolina,Brunswick,2020,0,0,-78.212,34.04221667
995,North Carolina,Brunswick,2020,0,0.1,-78.29016667,34.04795
996,North Carolina,Bertie,2020,0,0.6,-76.89326667,36.01491667
997,North Carolina,Bertie,2020,0,0.9,-77.19591667,36.12326667
998,North Carolina,Bertie,2020,0,1,-76.90106667,36.21465
999,North Carolina,Dare,2020,0.6,1.3,-75.813881,35.86755
1000,North Carolina,Dare,2020,0.4,2.7,-75.83267,35.61206
1001,North Carolina,Dare,2020,0.1,1.1,-75.75904,35.78749
1002,North Carolina,Montgomery,2020,0,0.2,-79.88468333,35.28186667
1003,North Carolina,Montgomery,2020,0,0.3,-79.8659,35.26245
1004,North Carolina,Montgomery,2020,0,2.1,-79.8678,35.23126667
1005,South Carolina,Aiken,2020,0,0.6,-81.732,33.329
1006,South Carolina,Barnwell,2020,0,4,-81.6473871,33.23850193
1007,South Carolina,Barnwell,2020,0.6,0.4,-81.68548245,33.15930149
1008,Georgia,Stephens,2020,14,5.1,-83.42286,34.55105
1009,Georgia,Stephens,2020,12,12.4,-83.35147,34.70493
1010,Georgia,Rabun,2020,7.3,11.5,-83.44478,34.81816
1011,North Carolina,Macon,2020,0.1,16.1,-83.45436667,35.27376667
1012,North Carolina,Macon,2020,0,8.9,-83.40588333,35.22731667
1013,North Carolina,Macon,2020,0.6,6.8,-83.38156667,35.0672
1014,Mississippi,Franklin,2020,22.7,21.3,-90.8005,31.51086
1015,Mississippi,Franklin,2020,6.7,6.4,-90.78234,31.45053
1016,Mississippi,Amite,2020,33,6.4,-90.82828,31.33026
1017,Mississippi,Amite,2020,19.3,14,-90.95544,31.2476
1018,Mississippi,Wilkinson,2020,9.8,30.7,-91.17288,31.29804
1019,Mississippi,Franklin,2020,18.1,20.7,-91.0621,31.38707
1020,Mississippi,Chickasaw,2020,0.6,5.6,-88.93187,34.03771
1021,Mississippi,Chickasaw,2020,2.7,13,-88.93814,33.95569
1022,Mississippi,Chickasaw,2020,4.4,1.7,-89.12249,33.29048
1023,Mississippi,Scott,2020,0,0,-89.62082,32.48419
1024,Mississippi,Smith,2020,0.8,8.3,-89.61037,32.20593
1025,Mississippi,Jasper,2020,3,8.2,-89.26535,32.20402
1026,Georgia,Walker,2020,0.5,1.6,-85.0703,34.6376
1027,Georgia,Chattooga,2020,0,2.8,-85.1783,34.488
1028,Georgia,Chattooga,2020,0,0.9,-85.158,34.5763
1029,South Carolina,Union,2020,0,2.7,-81.5288,34.5033
1030,South Carolina,Union,2020,0,1.1,-81.5351,34.5505
1031,Georgia,Jasper,2020,0.5,5.2,-83.7427,33.2753
1032,Georgia,Putnam,2020,0.3,7.4,-83.3972,33.4088
1033,Georgia,Greene,2020,0.4,3.9,-83.2825,33.7525
1034,North Carolina,Graham,2020,0.3,15.4,-83.6486,35.3502
1035,North Carolina,Graham,2020,0.2,10.1,-83.6973,35.429
1036,North Carolina,Graham,2020,0.5,16.6,-83.7495,35.4353
1037,North Carolina,Cherokee,2020,0.1,9.9,-84.0897,35.0674
1038,North Carolina,Cherokee,2020,0,4.6,-84.1183,35.0716
1039,North Carolina,Cherokee,2020,0,2.8,-84.1351,35.0922
1040,South Carolina,Oconee,2020,0.9,7.8,-83.1109,34.9148
1041,South Carolina,Oconee,2020,0.1,6.7,-83.148,34.7588
1042,South Carolina,Oconee,2020,0,1.4,-83.225,34.7235
1043,Georgia,Liberty,2020,0,0.7,-81.5569,31.9206
1044,Georgia,Bryan,2020,0,1.1,-81.3802,31.9775
1045,Georgia,Bryan,2020,0,0.5,-81.6449,32.0584
1046,Virginia,Craig,2020,0,0.2,-80.0736,37.4898
1047,Virginia,Alleghany,2020,0,0.3,-80.0523,37.6754
1048,Virginia,Craig,2020,0,0.7,-80.0306,37.5924
1049,Mississippi,Jones,2020,0,18.5,-88.98309,31.57688
1050,Mississippi,Wayne,2020,0.1,4.9,-88.7427,31.46818
1051,Mississippi,Greene,2020,0,20.5,-88.6577,31.42732
1052,Mississippi,Forrest,2020,0,0.3,-89.17719,31.03679
1053,Mississippi,Perry,2020,0,0.6,-89.08483,30.99648
1054,Mississippi,Perry,2020,0,1,-89.0441,30.91837
1055,Louisiana,Grant,2020,0,2.3,-92.34688,31.50552
1056,Louisiana,Grant,2020,0,2.2,-92.48523,31.56003
1057,Louisiana,Grant,2020,0,1.5,-92.60679,31.65904
1058,Alabama,Cleburne,2020,44.4,11.1,-85.54963,33.88872
1059,Alabama,Cleburne,2020,33.4,23.9,-85.57769,33.78874
1060,Alabama,Cleburne,2020,22.9,13.5,-85.59931,33.73117
1061,Louisiana,Sabine,2020,0,1.7,-93.779718,31.495187
1062,Louisiana,Natchitoches,2020,0,1.4,-93.05311,31.41966
1063,Louisiana,Natchitoches,2020,0,7,-93.10684,31.39516
1064,Alabama,Randolph,2020,54,3.6,-85.6272,33.391883
1065,Alabama,Clay,2020,4.5,3.3,-86.10575,33.27485
1066,Alabama,Clay,2020,101.7,28,-86.112183,33.160567
1067,Louisiana,Rapides,2020,0,0.7,-92.613332,31.24465
1068,Louisiana,Rapides,2020,0,2.1,-92.6237727,31.2138065
1069,Louisiana,Rapides,2020,0,2.3,-92.598607,31.129113
1070,Oklahoma,LeFlore,2020,0,2.9,-94.830983,34.627233
1071,Oklahoma,LeFlore,2020,0,0.9,-94.773967,34.706117
1072,Oklahoma,LeFlore,2020,0,0.6,-94.622933,34.676683
1073,Arkansas,Polk,2020,0,0,-94.2115,34.662333
1074,Arkansas,Polk,2020,0,0.1,-94.252717,34.485555
1075,Arkansas,Polk,2020,0,0,-94.29385,34.495117
1076,North Carolina,Gaston,2020,0,0.1,-80.997508,35.330334
1077,North Carolina,Gaston,2020,0,0.4,-80.9932,35.380513
1078,North Carolina,Lincoln,2020,0,0.5,-80.960456,35.411679
1079,Alabama,Bibb,2020,29.4,52.9,-87.32241,32.966588
1080,Alabama,Hale,2020,23.6,38.7,-87.42169,32.963408
1081,Alabama,Bibb,2020,15.9,24.1,-87.3868,32.996
1082,Alabama,Bibb,2020,8.1,11,-87.046948,32.897207
1083,Alabama,Perry,2020,11.7,21.6,-87.037025,32.780912