{
    "ALNational Forests in AlabamaBankhead Ranger District": "Bankhead National Forest (Bankhead RD)",
    "ALNational Forests in AlabamaOakmulgee Ranger District": "Talladega National Forest (Oakmulgee RD)",
    "ALNational Forests in AlabamaShoal Creek Ranger District": "Talladega National Forest (Shoal Creek RD)",
    "ALNational Forests in AlabamaTalladega Ranger District": "Talladega National Forest (Talladega RD)",
    "ALNational Forests in AlabamaTuskegee Ranger District": "Tuskegee National Forest (Tuskegee RD)",
    "FLNational Forests in FloridaOsceola Ranger District": "Osceola National Forest (Osceola RD)",
    "FLNational Forests in FloridaWakulla Ranger District": "Apalachicola National Forest (Wakulla RD)",
    "FLNational Forests in FloridaApalachicola Ranger District": "Apalachicola National Forest (Apalachicola RD)",
    "FLNational Forests in FloridaLake George Ranger District": "Ocala National Forest (Lake George RD)",
    "FLNational Forests in FloridaSeminole Ranger District": "Ocala National Forest (Seminole RD)",
    "GAChattahoochee-Oconee National ForestsChattooga River Ranger District": "Chattahoochee-Oconee National Forests (Chattooga RD)",
    "GAChattahoochee-Oconee National ForestsConasauga Ranger District": "Chattahoochee-Oconee National Forests (Conasauga RD)",
    "GAChattahoochee-Oconee National ForestsOconee Ranger District": "Chattahoochee-Oconee National Forests (Oconee RD)",
    "MSNational Forests in MississippiBienville Ranger District": "Bienville National Forest (Bienville RD)",
    "MSNational Forests in MississippiDe Soto Ranger District": "DeSoto National Forest (De Soto RD)",
    "MSNational Forests in MississippiHolly Springs Ranger District": "Holly Springs National Forest  (Holly Springs RD)",
    "MSNational Forests in MississippiHomochitto Ranger District": "Homochitto National Forest (Homochitto RD)",
    "MSNational Forests in MississippiTombigbee Ranger District": "Tombigbee National Forest (Tombigbee RD)",
    "NCNational Forests in North CarolinaCroatan Ranger District": "Croatan National Forest (Croatan RD)",
    "NCNational Forests in North CarolinaCheoah Ranger District": "Nantahala National Forest (Cheoah RD)",
    "NCNational Forests in North CarolinaNantahala Ranger District": "Nantahala National Forest (Nantahala RD)",
    "NCNational Forests in North CarolinaTusquittee Ranger District": "Pisgah National Forest (Grandfather RD)",
    "SCFrancis Marion and Sumter National ForestsAndrew Pickens Ranger District": "Sumter National Forest (Andrew Pickens RD)",
    "SCFrancis Marion and Sumter National ForestsEnoree Ranger District": "Sumter National Forest (Enoree RD)",
    "SCFrancis Marion and Sumter National ForestsWambaw/Witherbee Ranger District": "Francis Marion National Forest (Francis Marion RD)",
    "SCFrancis Marion and Sumter National ForestsLong Cane Ranger District": "Sumter National Forest (Long Cane RD)",
    "TNCherokee National ForestOcoee Ranger District": "Cherokee National Forest (Ocoee RD)",
    "TNGeorge Washington and Jefferson National ForestMount Rogers National Recreation Area": "Cherokee National Forest (Watauga RD)",
    "VAGeorge Washington and Jefferson National ForestMount Rogers National Recreation Area": "George Washington and Jefferson National Forest (Mount Rogers NRA)"
}
