{
    "Active Trapping Days": "daysActive",
    "Clerid": "cleridCount",
    "County/Parish": "county",
    "Date of Collection": "collectionDate",
    "Date of initial bloom": "bloomDate",
    "endobrev": "endobrev",
    "FIPS": "fips",
    "GlobalID": "globalID",
    "National Forest (Ranger District)": "rangerDistrict",
    "Season": "season",
    "sirexLure": "sirexLure",
    "SPB": "spbCount",
    "State": "state",
    "Trap Lure": "lure",
    "Trap Name": "trap",
    "Traps set out on:": "startDate",
    "What bloomed?": "bloom",
    "x": "longitude",
    "y": "latitude",
    "Year": "year"
}
