{
    "BankheadNationalForest_BankheadRD": "Bankhead National Forest (Bankhead RD)",
    "TalladegaNationalForest_OakmulgeeRD": "Talladega National Forest (Oakmulgee RD)",
    "TalladegaNationalForest_ShoalCreekRD": "Talladega National Forest (Shoal Creek RD)",
    "TalladegaNationalForest_TalladegaRD": "Talladega National Forest (Talladega RD)",
    "OuachitaNationalForest_CaddoRD": "Ouachita National Forest (Caddo RD)",
    "OuachitaNationalForest_ColdSpringsRD": "Ouachita National Forest (Cold Springs RD)",
    "OuachitaNationalForest_JWFRD": "Ouachita National Forest (JWF RD)",
    "OuachitaNationalForest_MenaRD": "Ouachita National Forest (Mena RD)",
    "OuachitaNationalForest_OdenRD": "Ouachita National Forest (Oden RD)",
    "OuachitaNationalForest_PoteauRD": "Ouachita National Forest (Poteau RD)",
    "OuachitaNationalForest_WombleRD": "Ouachita National Forest (Womble RD)",
    "ChattahoocheeOconeeNationalForests_ChattoogaRD": "Chattahoochee-Oconee National Forests (Chattooga RD)",
    "ChattahoocheeOconeeNationalForests_ConasaugaRD": "Chattahoochee-Oconee National Forests (Conasauga RD)",
    "ChattahoocheeOconeeNationalForests_OconeeRD": "Chattahoochee-Oconee National Forests (Oconee RD)",
    "DanielBooneNationalForest_LondonRD": "Daniel Boone National Forest (London RD)",
    "DanielBooneNationalForest_StearnsRD": "Daniel Boone National Forest (Stearns RD)",
    "KisatchieNationalForest_CalcasieuRD": "Kisatchie National Forest (Calcasieu RD)",
    "KisatchieNationalForest_CaneyRD": "Kisatchie National Forest (Caney RD)",
    "KisatchieNationalForest_CatahoulaRD": "Kisatchie National Forest (Catahoula RD)",
    "KisatchieNationalForest_KisatchieRD": "Kisatchie National Forest (Kisatchie RD)",
    "KisatchieNationalForest_WinnRD": "Kisatchie National Forest (Winn RD)",
    "BienvilleNationalForest_BienvilleRD": "Bienville National Forest (Bienville RD)",
    "DeSotoNationalForest_DeSotoRD": "DeSoto National Forest (De Soto RD)",
    "DeSotoNationalForest_ChickasawhayRD": "DeSoto National Forest (Chickasawhay RD)",
    "HomochittoNationalForest_HollySpringsRD": "Holly Springs National Forest  (Holly Springs RD)",
    "HollySpringsNationalForest_HollySpringsRD": "Holly Springs National Forest  (Holly Springs RD)",
    "HomochittoNationalForest_HomochittoRD": "Homochitto National Forest (Homochitto RD)",
    "TombigbeeNationalForest_TombigbeeRD": "Tombigbee National Forest (Tombigbee RD)",
    "CroatanNationalForest_CroatanRD": "Croatan National Forest (Croatan RD)",
    "NantahalaNationalForest_CheoahRD": "Nantahala National Forest (Cheoah RD)",
    "NantahalaNationalForest_NantahalaRD": "Nantahala National Forest (Nantahala RD)",
    "NantahalaNationalForest_TusquiteeRD": "Nantahala National Forest (Tusquitee RD)",
    "PisgahNationalForest_GrandfatherRD": "Pisgah National Forest (Grandfather RD)",
    "PisgahNationalForest_AppalachainRD": "Pisgah National Forest (Appalachain RD)",
    "UwharrieNationalForest_UwharrieRD": "Uwharrie National Forest (Uwharrie RD)",
    "OuachitaNationalForest_OklahomaRD": "Ouachita National Forest (Oklahoma RD)",
    "SumterNationalForest_EnoreeRD": "Sumter National Forest (Enoree RD)",
    "FrancisMarionNationalForest_FrancisMarionRD": "Francis Marion National Forest (Francis Marion RD)",
    "SumterNationalForest_LongCaneRD": "Sumter National Forest (Long Cane RD)",
    "CherokeeNationalForest_OcoeeRD": "Cherokee National Forest (Ocoee RD)",
    "CherokeeNationalForest_UnakaRD": "Cherokee National Forest (Unaka RD)",
    "AngelinaNationalForest_AngelinaRD": "Angelina National Forest (Angelina RD)",
    "DavyCrockettNationalForest_DavyCrockettRD": "Davy Crockett National Forest (Davy Crockett RD)",
    "SabineNationalForest_SabineRD": "Sabine National Forest (Sabine RD)",
    "SamHoustonNationalForest_SamHoustonRD": "Sam Houston National Forest (Sam Houston RD)"
}
