{
    "AL": {
        "Bankhead Ranger District": "Bankhead National Forest (Bankhead RD)",
        "Oakmulgee Ranger District": "Talladega National Forest (Oakmulgee RD)",
        "Shoal Creek Ranger District": "Talladega National Forest (Shoal Creek RD)",
        "Talladega Ranger District": "Talladega National Forest (Talladega RD)",
        "Tuskegee Ranger District": "Tuskegee National Forest (Tuskegee RD)"
    },
    "AR": {
        "Caddo Ranger District": "Ouachita National Forest (Caddo RD)",
        "Cold Springs Ranger District": "Ouachita National Forest (Cold Springs RD)",
        "JWF Ranger District": "Ouachita National Forest (JWF RD)",
        "Mena Ranger District": "Ouachita National Forest (Mena RD)",
        "Oden Ranger District": "Ouachita National Forest (Oden RD)",
        "Poteau Ranger District": "Ouachita National Forest (Poteau RD)",
        "Womble Ranger District": "Ouachita National Forest (Womble RD)"
    },
    "FL": {
        "Osceola Ranger District": "Osceola National Forest (Osceola RD)",
        "Wakulla Ranger District": "Apalachicola National Forest (Wakulla RD)",
        "Apalachicola Ranger District": "Apalachicola National Forest (Apalachicola RD)",
        "Lake George Ranger District": "Ocala National Forest (Lake George RD)",
        "Seminole Ranger District": "Ocala National Forest (Seminole RD)"
    },
    "GA": {
        "Chattooga River Ranger District": "Chattahoochee-Oconee National Forests (Chattooga RD)",
        "Conasauga Ranger District": "Chattahoochee-Oconee National Forests (Conasauga RD)",
        "Oconee Ranger District": "Chattahoochee-Oconee National Forests (Oconee RD)",
        "Blue Ridge Ranger District": "Chattahoochee-Oconee National Forests (Blue Ridge RD)",
        "Tallulah Ranger District": "Chattahoochee-Oconee National Forests (Tallulah RD)"
    },
    "LA": {
        "Calcasieu Ranger District": "Kisatchie National Forest (Calcasieu RD)",
        "Caney Ranger District": "Kisatchie National Forest (Caney RD)",
        "Catahoula Ranger District": "Kisatchie National Forest (Catahoula RD)",
        "Kisatchie Ranger District": "Kisatchie National Forest (Kisatchie RD)",
        "Winn Ranger District": "Kisatchie National Forest (Winn RD)"
    },
    "MS": {
        "Bienville Ranger District": "Bienville National Forest (Bienville RD)",
        "Chickasawhay Ranger District": "Chickasawhay National Forest (Chickasawhay RD)",
        "De Soto Ranger District": "DeSoto National Forest (De Soto RD)",
        "Holly Springs Ranger District": "Holly Springs National Forest  (Holly Springs RD)",
        "Homochitto Ranger District": "Homochitto National Forest (Homochitto RD)",
        "Tombigbee Ranger District": "Tombigbee National Forest (Tombigbee RD)"
    },
    "NC": {
        "Appalachain Ranger District": "Pisgah National Forest (Appalachain RD)",
        "Croatan Ranger District": "Croatan National Forest (Croatan RD)",
        "Cheoah Ranger District": "Nantahala National Forest (Cheoah RD)",
        "Nantahala Ranger District": "Nantahala National Forest (Nantahala RD)",
        "Tusquittee Ranger District": "Nantahala National Forest (Tusquitee RD)",
        "Tusquitee Ranger District": "Nantahala National Forest (Tusquitee RD)",
        "Grandfather Ranger District": "Pisgah National Forest (Grandfather RD)",
        "Uwharrie Ranger District": "Uwharrie National Forest (Uwharrie RD)",
        "Pisgah Ranger District": "Pisgah National Forest (Pisgah RD)"
    },
    "OK": {
        "Oklahoma Ranger District": "Ouachita National Forest (Oklahoma RD)",
        "Tiak Ranger District": "Ouachita National Forest (Tiak RD)"
    },        
    "SC": {
        "Andrew Pickens Ranger District": "Sumter National Forest (Andrew Pickens RD)",
        "Enoree Ranger District": "Sumter National Forest (Enoree RD)",
        "Wambaw/Witherbee Ranger District": "Francis Marion National Forest (Wambaw and Witherbee RD)",
        "Long Cane Ranger District": "Sumter National Forest (Long Cane RD)",
        "Francis Marion Ranger District": "Francis Marion National Forest (Francis Marion RD)"
    },
    "TN": {
        "Ocoee Ranger District": "Cherokee National Forest (Ocoee RD)",
        "Tellico Ranger District": "Cherokee National Forest (Tellico RD)",
        "Unaka Ranger District": "Cherokee National Forest (Unaka RD)",
        "Watauga Ranger District": "Cherokee National Forest (Watauga RD)"
    },
    "TX": {
        "Angelina Ranger District": "Angelina National Forest (Angelina RD)",
        "Davy Crockett Ranger District": "Davy Crockett National Forest (Davy Crockett RD)",
        "Sabine Ranger District": "Sabine National Forest (Sabine RD)",
        "Sam Houston Ranger District": "Sam Houston National Forest (Sam Houston RD)"
    },
    "VA": {
        "Mount Rogers National Recreation Area": "George Washington and Jefferson National Forest (Mount Rogers NRA)",
        "New Castle Ranger District": "George Washington and Jefferson National Forest (New Castle RD)",
        "Eastern Divide Ranger District": "George Washington and Jefferson National Forest (Eastern Divide RD)"
    }
}
